district,primary_type,day_name,hour_label,crime_count,share_of_group_percent,risk_percent_vs_group_avg,risk_level
2,PROSTITUTION,Tuesday,20:00,184,4.68,676.21,Very High
7,PROSTITUTION,Tuesday,20:00,210,4.69,674.47,Very High
4,PROSTITUTION,Tuesday,20:00,83,5.05,658.22,Very High
11,PROSTITUTION,Tuesday,20:00,462,4.21,608.05,Very High
24,PROSTITUTION,Wednesday,23:00,58,4.62,564.97,Very High
9,OFFENSE INVOLVING CHILDREN,Thursday,00:00,120,3.93,551.83,Very High
10,OFFENSE INVOLVING CHILDREN,Thursday,00:00,102,3.92,550.98,Very High
7,PROSTITUTION,Wednesday,20:00,171,3.82,530.64,Very High
17,OFFENSE INVOLVING CHILDREN,Monday,00:00,61,3.89,530.63,Very High
15,PROSTITUTION,Wednesday,20:00,108,3.81,524.98,Very High
10,PROSTITUTION,Thursday,20:00,98,3.9,520.3,Very High
10,OFFENSE INVOLVING CHILDREN,Sunday,00:00,97,3.73,519.07,Very High
5,PROSTITUTION,Thursday,21:00,102,3.68,510.82,Very High
10,PROSTITUTION,Friday,21:00,96,3.82,507.64,Very High
12,PROSTITUTION,Tuesday,20:00,142,3.52,487.71,Very High
10,OFFENSE INVOLVING CHILDREN,Tuesday,00:00,92,3.54,487.16,Very High
15,PROSTITUTION,Tuesday,20:00,101,3.56,484.47,Very High
11,PROSTITUTION,Wednesday,20:00,380,3.47,482.38,Very High
9,OFFENSE INVOLVING CHILDREN,Monday,00:00,107,3.5,481.22,Very High
10,OFFENSE INVOLVING CHILDREN,Monday,00:00,91,3.5,480.78,Very High
10,OFFENSE INVOLVING CHILDREN,Saturday,00:00,90,3.46,474.39,Very High
17,OFFENSE INVOLVING CHILDREN,Wednesday,00:00,55,3.51,468.6,Very High
8,OFFENSE INVOLVING CHILDREN,Tuesday,00:00,149,3.38,465.01,Very High
5,PROSTITUTION,Thursday,22:00,93,3.35,456.93,Very High
12,PROSTITUTION,Thursday,20:00,134,3.32,454.6,Very High
9,OFFENSE INVOLVING CHILDREN,Tuesday,00:00,102,3.34,454.06,Very High
9,OFFENSE INVOLVING CHILDREN,Wednesday,00:00,102,3.34,454.06,Very High
6,PROSTITUTION,Friday,23:00,62,3.64,453.05,Very High
10,PROSTITUTION,Tuesday,20:00,87,3.46,450.68,Very High
24,PROSTITUTION,Wednesday,22:00,48,3.82,450.32,Very High
3,PROSTITUTION,Wednesday,20:00,53,3.54,448.76,Very High
4,PROSTITUTION,Friday,22:00,59,3.59,438.98,Very High
11,OFFENSE INVOLVING CHILDREN,Monday,00:00,88,3.23,436.27,Very High
7,PROSTITUTION,Tuesday,21:00,145,3.24,434.76,Very High
4,PROSTITUTION,Friday,21:00,58,3.53,429.84,Very High
24,PROSTITUTION,Friday,23:00,46,3.66,427.39,Very High
15,OFFENSE INVOLVING CHILDREN,Monday,00:00,68,3.17,426.0,Very High
12,PROSTITUTION,Thursday,22:00,127,3.15,425.63,Very High
18,BATTERY,Sunday,02:00,1275,3.12,424.58,Very High
19,PROSTITUTION,Saturday,02:00,64,3.23,423.9,Very High
8,OFFENSE INVOLVING CHILDREN,Sunday,00:00,138,3.13,423.3,Very High
5,PROSTITUTION,Friday,21:00,87,3.14,421.0,Very High
5,PROSTITUTION,Wednesday,20:00,87,3.14,421.0,Very High
15,PROSTITUTION,Friday,23:00,90,3.18,420.82,Very High
2,OFFENSE INVOLVING CHILDREN,Friday,18:00,74,3.19,420.36,Very High
10,PROSTITUTION,Tuesday,22:00,82,3.26,419.03,Very High
12,PROSTITUTION,Wednesday,20:00,125,3.1,417.35,Very High
24,PROSTITUTION,Thursday,22:00,45,3.58,415.92,Very High
8,OFFENSE INVOLVING CHILDREN,Monday,00:00,136,3.09,415.71,Very High
25,OFFENSE INVOLVING CHILDREN,Friday,00:00,116,3.07,412.76,Very High
4,PROSTITUTION,Thursday,21:00,56,3.41,411.57,Very High
25,OFFENSE INVOLVING CHILDREN,Monday,00:00,115,3.04,408.34,Very High
9,PROSTITUTION,Saturday,08:00,166,3.19,407.67,Very High
10,PROSTITUTION,Friday,22:00,80,3.18,406.37,Very High
10,OFFENSE INVOLVING CHILDREN,Wednesday,00:00,79,3.04,404.19,Very High
25,OFFENSE INVOLVING CHILDREN,Thursday,00:00,114,3.02,403.92,Very High
6,PROSTITUTION,Tuesday,22:00,56,3.29,399.53,Very High
7,PROSTITUTION,Friday,21:00,135,3.02,397.88,Very High
9,PROSTITUTION,Sunday,08:00,162,3.12,395.44,Very High
11,OFFENSE INVOLVING CHILDREN,Friday,00:00,81,2.97,393.61,Very High
2,PROSTITUTION,Wednesday,20:00,117,2.97,393.57,Very High
8,OFFENSE INVOLVING CHILDREN,Thursday,00:00,130,2.95,392.96,Very High
25,OFFENSE INVOLVING CHILDREN,Sunday,00:00,110,2.91,386.24,Very High
15,PROSTITUTION,Friday,22:00,84,2.96,386.1,Very High
2,PROSTITUTION,Tuesday,21:00,115,2.92,385.13,Very High
5,PROSTITUTION,Friday,22:00,81,2.92,385.06,Very High
4,PROSTITUTION,Friday,23:00,53,3.23,384.17,Very High
9,OFFENSE INVOLVING CHILDREN,Sunday,00:00,89,2.91,383.44,Very High
9,PROSTITUTION,Saturday,07:00,158,3.04,383.21,Very High
6,PROSTITUTION,Friday,22:00,54,3.17,381.69,Very High
6,PROSTITUTION,Thursday,23:00,54,3.17,381.69,Very High
10,PROSTITUTION,Thursday,21:00,76,3.03,381.05,Very High
10,PROSTITUTION,Friday,20:00,76,3.03,381.05,Very High
18,BATTERY,Sunday,03:00,1169,2.86,380.96,Very High
10,OFFENSE INVOLVING CHILDREN,Friday,00:00,75,2.88,378.66,Very High
17,OFFENSE INVOLVING CHILDREN,Friday,00:00,46,2.94,375.56,Very High
17,OFFENSE INVOLVING CHILDREN,Thursday,00:00,46,2.94,375.56,Very High
4,PROSTITUTION,Thursday,22:00,52,3.17,375.03,Very High
19,PROSTITUTION,Saturday,01:00,58,2.93,374.79,Very High
10,PROSTITUTION,Wednesday,20:00,75,2.99,374.72,Very High
14,OFFENSE INVOLVING CHILDREN,Friday,00:00,49,2.93,374.19,Very High
5,OFFENSE INVOLVING CHILDREN,Monday,00:00,89,2.83,372.89,Very High
24,PROSTITUTION,Tuesday,23:00,41,3.26,370.06,Very High
7,PROSTITUTION,Thursday,21:00,127,2.84,368.37,Very High
12,PROSTITUTION,Friday,22:00,113,2.8,367.68,Very High
9,OFFENSE INVOLVING CHILDREN,Saturday,00:00,86,2.81,367.15,Very High
3,PROSTITUTION,Friday,22:00,45,3.01,365.93,Very High
25,OFFENSE INVOLVING CHILDREN,Saturday,00:00,105,2.78,364.13,Very High
6,PROSTITUTION,Tuesday,20:00,52,3.05,363.85,Very High
15,PROSTITUTION,Thursday,21:00,80,2.82,362.95,Very High
15,PROSTITUTION,Tuesday,22:00,80,2.82,362.95,Very High
15,PROSTITUTION,Friday,21:00,80,2.82,362.95,Very High
9,OFFENSE INVOLVING CHILDREN,Friday,00:00,85,2.78,361.71,Very High
5,PROSTITUTION,Thursday,23:00,77,2.78,361.11,Very High
24,PROSTITUTION,Thursday,20:00,40,3.18,358.6,Very High
4,PROSTITUTION,Wednesday,20:00,50,3.05,356.76,Very High
5,PROSTITUTION,Friday,20:00,76,2.74,355.12,Very High
22,DECEPTIVE PRACTICE,Monday,00:00,331,2.7,354.02,Very High
11,PROSTITUTION,Thursday,20:00,296,2.7,353.64,Very High
9,PROSTITUTION,Wednesday,08:00,148,2.85,352.63,Very High
24,OFFENSE INVOLVING CHILDREN,Wednesday,00:00,45,2.82,351.41,Very High
24,OFFENSE INVOLVING CHILDREN,Tuesday,00:00,45,2.82,351.41,Very High
3,DECEPTIVE PRACTICE,Friday,09:00,314,2.68,350.87,Very High
25,OFFENSE INVOLVING CHILDREN,Wednesday,00:00,102,2.7,350.87,Very High
5,DECEPTIVE PRACTICE,Friday,12:00,239,2.68,350.34,Very High
16,DECEPTIVE PRACTICE,Monday,12:00,447,2.67,348.98,Very High
18,BATTERY,Sunday,01:00,1091,2.67,348.87,Very High
4,PROSTITUTION,Wednesday,21:00,49,2.98,347.62,Very High
24,PROSTITUTION,Tuesday,22:00,39,3.11,347.13,Very High
7,PROSTITUTION,Wednesday,21:00,121,2.7,346.24,Very High
15,PROSTITUTION,Thursday,20:00,77,2.72,345.59,Very High
15,PROSTITUTION,Wednesday,22:00,77,2.72,345.59,Very High
3,PROSTITUTION,Thursday,21:00,43,2.87,345.22,Very High
17,OFFENSE INVOLVING CHILDREN,Sunday,00:00,43,2.74,344.54,Very High
22,OFFENSE INVOLVING CHILDREN,Friday,17:00,69,2.66,344.39,Very High
5,PROSTITUTION,Tuesday,20:00,74,2.67,343.15,Very High
2,PROSTITUTION,Thursday,20:00,105,2.67,342.95,Very High
7,PROSTITUTION,Tuesday,22:00,120,2.68,342.56,Very High
7,PROSTITUTION,Wednesday,22:00,120,2.68,342.56,Very High
24,OFFENSE INVOLVING CHILDREN,Thursday,00:00,44,2.76,341.38,Very High
17,DECEPTIVE PRACTICE,Monday,12:00,257,2.61,338.38,Very High
24,PROSTITUTION,Monday,22:00,38,3.03,335.67,Very High
14,OFFENSE INVOLVING CHILDREN,Monday,00:00,45,2.69,335.48,Very High
3,PROSTITUTION,Saturday,20:00,42,2.81,334.87,Very High
15,PROSTITUTION,Thursday,22:00,75,2.65,334.02,Very High
15,PROSTITUTION,Saturday,20:00,75,2.65,334.02,Very High
11,PROSTITUTION,Wednesday,21:00,282,2.57,332.18,Very High
9,PROSTITUTION,Tuesday,07:00,141,2.71,331.22,Very High
5,PROSTITUTION,Wednesday,21:00,72,2.6,331.17,Very High
22,DECEPTIVE PRACTICE,Monday,12:00,314,2.56,330.7,Very High
11,PROSTITUTION,Friday,22:00,281,2.56,330.65,Very High
10,PROSTITUTION,Tuesday,21:00,68,2.71,330.41,Very High
7,OFFENSE INVOLVING CHILDREN,Monday,00:00,81,2.57,329.84,Very High
16,OFFENSE INVOLVING CHILDREN,Friday,18:00,47,2.72,326.78,Very High
11,OFFENSE INVOLVING CHILDREN,Wednesday,00:00,70,2.57,326.58,Very High
15,OFFENSE INVOLVING CHILDREN,Friday,00:00,55,2.56,325.44,Very High
3,PROSTITUTION,Friday,20:00,41,2.74,324.52,Very High
3,PROSTITUTION,Friday,21:00,41,2.74,324.52,Very High
7,PROSTITUTION,Friday,20:00,115,2.57,324.12,Very High
10,PROSTITUTION,Wednesday,22:00,67,2.67,324.08,Very High
12,OFFENSE INVOLVING CHILDREN,Wednesday,00:00,48,2.54,323.9,Very High
17,OFFENSE INVOLVING CHILDREN,Saturday,00:00,41,2.62,323.87,Very High
24,DECEPTIVE PRACTICE,Monday,00:00,279,2.51,322.16,Very High
20,DECEPTIVE PRACTICE,Monday,12:00,206,2.51,322.15,Very High
9,PROSTITUTION,Monday,08:00,138,2.65,322.04,Very High
3,DECEPTIVE PRACTICE,Monday,09:00,292,2.5,319.28,Very High
5,PROSTITUTION,Wednesday,22:00,70,2.53,319.19,Very High
14,PROSTITUTION,Thursday,23:00,108,2.51,318.86,Very High
5,DECEPTIVE PRACTICE,Monday,12:00,222,2.49,318.3,Very High
12,PROSTITUTION,Thursday,21:00,101,2.5,318.02,Very High
12,PROSTITUTION,Tuesday,22:00,101,2.5,318.02,Very High
15,DECEPTIVE PRACTICE,Friday,09:00,187,2.49,317.88,Very High
16,DECEPTIVE PRACTICE,Friday,12:00,416,2.49,317.84,Very High
16,OFFENSE INVOLVING CHILDREN,Monday,00:00,46,2.66,317.7,Very High
6,DECEPTIVE PRACTICE,Monday,00:00,429,2.48,317.37,Very High
7,PROSTITUTION,Thursday,22:00,113,2.53,316.74,Very High
5,DECEPTIVE PRACTICE,Monday,00:00,221,2.48,316.42,Very High
14,OFFENSE INVOLVING CHILDREN,Wednesday,00:00,43,2.57,316.13,Very High
15,DECEPTIVE PRACTICE,Wednesday,09:00,186,2.47,315.64,Very High
12,OFFENSE INVOLVING CHILDREN,Sunday,00:00,47,2.49,315.07,Very High
14,PROSTITUTION,Thursday,22:00,107,2.48,314.98,Very High
3,PROSTITUTION,Wednesday,21:00,40,2.67,314.16,Very High
3,PROSTITUTION,Wednesday,22:00,40,2.67,314.16,Very High
4,OFFENSE INVOLVING CHILDREN,Friday,00:00,109,2.45,312.43,Very High
25,DECEPTIVE PRACTICE,Monday,09:00,393,2.45,312.19,Very High
24,OFFENSE INVOLVING CHILDREN,Friday,00:00,41,2.57,311.29,Very High
15,PROSTITUTION,Saturday,19:00,71,2.51,310.87,Very High
22,DECEPTIVE PRACTICE,Friday,00:00,299,2.44,310.12,Very High
8,OFFENSE INVOLVING CHILDREN,Saturday,00:00,108,2.45,309.54,Very High
8,OFFENSE INVOLVING CHILDREN,Friday,00:00,108,2.45,309.54,Very High
4,DECEPTIVE PRACTICE,Monday,12:00,345,2.44,309.35,Very High
16,OFFENSE INVOLVING CHILDREN,Saturday,10:00,45,2.6,308.62,Very High
16,OFFENSE INVOLVING CHILDREN,Saturday,00:00,45,2.6,308.62,Very High
11,OFFENSE INVOLVING CHILDREN,Sunday,00:00,67,2.46,308.3,Very High
16,DECEPTIVE PRACTICE,Wednesday,12:00,406,2.43,307.8,Very High
25,OFFENSE INVOLVING CHILDREN,Tuesday,00:00,92,2.44,306.67,Very High
19,OFFENSE INVOLVING CHILDREN,Friday,00:00,30,2.71,306.5,Very High
12,OFFENSE INVOLVING CHILDREN,Monday,00:00,46,2.43,306.24,Very High
12,OFFENSE INVOLVING CHILDREN,Thursday,00:00,46,2.43,306.24,Very High
4,DECEPTIVE PRACTICE,Monday,00:00,342,2.42,305.79,Very High
5,OFFENSE INVOLVING CHILDREN,Saturday,00:00,76,2.42,303.82,Very High
6,DECEPTIVE PRACTICE,Tuesday,00:00,415,2.4,303.75,Very High
20,DECEPTIVE PRACTICE,Thursday,12:00,197,2.4,303.71,Very High
9,PROSTITUTION,Friday,08:00,132,2.54,303.69,Very High
7,OFFENSE INVOLVING CHILDREN,Saturday,00:00,76,2.41,303.3,Very High
7,OFFENSE INVOLVING CHILDREN,Tuesday,00:00,76,2.41,303.3,Very High
4,PROSTITUTION,Tuesday,21:00,44,2.68,301.95,Very High
16,DECEPTIVE PRACTICE,Tuesday,12:00,400,2.39,301.77,Very High
7,DECEPTIVE PRACTICE,Friday,00:00,234,2.39,301.47,Very High
18,ROBBERY,Saturday,03:00,215,2.39,301.38,Very High
24,PROSTITUTION,Tuesday,21:00,35,2.79,301.27,Very High
5,PROSTITUTION,Thursday,20:00,67,2.42,301.23,Very High
4,DECEPTIVE PRACTICE,Tuesday,12:00,337,2.38,299.86,Very High
16,OFFENSE INVOLVING CHILDREN,Sunday,00:00,44,2.54,299.54,Very High
22,OFFENSE INVOLVING CHILDREN,Friday,18:00,62,2.39,299.31,Very High
15,PROSTITUTION,Wednesday,21:00,69,2.43,299.29,Very High
8,DECEPTIVE PRACTICE,Monday,12:00,511,2.37,298.98,Very High
10,PROSTITUTION,Wednesday,07:00,63,2.51,298.77,Very High
4,DECEPTIVE PRACTICE,Monday,09:00,336,2.37,298.67,Very High
18,BATTERY,Saturday,02:00,968,2.37,298.27,Very High
12,OFFENSE INVOLVING CHILDREN,Tuesday,00:00,45,2.38,297.41,Very High
12,PROSTITUTION,Friday,21:00,96,2.38,297.32,Very High
12,PROSTITUTION,Wednesday,21:00,96,2.38,297.32,Very High
19,ROBBERY,Saturday,02:00,250,2.36,297.28,Very High
3,DECEPTIVE PRACTICE,Wednesday,09:00,275,2.35,294.87,Very High
10,DECEPTIVE PRACTICE,Tuesday,00:00,178,2.35,294.67,Very High
15,OFFENSE INVOLVING CHILDREN,Wednesday,00:00,51,2.38,294.5,Very High
15,DECEPTIVE PRACTICE,Monday,09:00,176,2.34,293.3,Very High
12,PROSTITUTION,Tuesday,21:00,95,2.35,293.18,Very High
17,OFFENSE INVOLVING CHILDREN,Tuesday,00:00,38,2.43,292.85,Very High
4,PROSTITUTION,Wednesday,22:00,43,2.62,292.81,Very High
6,PROSTITUTION,Thursday,22:00,44,2.58,292.49,Very High
24,DECEPTIVE PRACTICE,Friday,00:00,259,2.33,291.89,Very High
2,DECEPTIVE PRACTICE,Monday,09:00,315,2.33,291.19,Very High
11,OFFENSE INVOLVING CHILDREN,Saturday,00:00,64,2.35,290.01,Very High
4,OFFENSE INVOLVING CHILDREN,Wednesday,00:00,103,2.32,289.73,Very High
12,OFFENSE INVOLVING CHILDREN,Friday,00:00,44,2.33,288.58,Very High
4,DECEPTIVE PRACTICE,Tuesday,09:00,327,2.31,287.99,Very High
5,OFFENSE INVOLVING CHILDREN,Tuesday,00:00,73,2.32,287.88,Very High
14,OFFENSE INVOLVING CHILDREN,Tuesday,00:00,40,2.39,287.1,Very High
2,OFFENSE INVOLVING CHILDREN,Thursday,00:00,55,2.37,286.76,Very High
15,DECEPTIVE PRACTICE,Tuesday,09:00,173,2.3,286.59,Very High
10,PROSTITUTION,Wednesday,21:00,61,2.43,286.11,Very High
4,DECEPTIVE PRACTICE,Friday,09:00,325,2.3,285.62,Very High
5,DECEPTIVE PRACTICE,Friday,09:00,204,2.29,284.39,Very High
22,DECEPTIVE PRACTICE,Friday,12:00,280,2.29,284.06,Very High
6,PROSTITUTION,Thursday,20:00,43,2.52,283.57,Very High
5,PROSTITUTION,Friday,23:00,64,2.31,283.26,Very High
3,PROSTITUTION,Thursday,22:00,37,2.47,283.1,Very High
22,DECEPTIVE PRACTICE,Tuesday,00:00,279,2.28,282.69,Very High
15,DECEPTIVE PRACTICE,Thursday,09:00,171,2.27,282.12,Very High
7,OFFENSE INVOLVING CHILDREN,Sunday,00:00,72,2.29,282.08,Very High
18,BATTERY,Saturday,01:00,928,2.27,281.81,Very High
22,DECEPTIVE PRACTICE,Thursday,12:00,278,2.27,281.32,Very High
24,DECEPTIVE PRACTICE,Monday,12:00,252,2.27,281.3,Very High
11,PROSTITUTION,Tuesday,21:00,248,2.26,280.08,Very High
2,PROSTITUTION,Thursday,21:00,90,2.29,279.67,Very High
3,OFFENSE INVOLVING CHILDREN,Friday,18:00,76,2.27,279.55,Very High
19,OFFENSE INVOLVING CHILDREN,Monday,00:00,28,2.53,279.4,Very High
8,OFFENSE INVOLVING CHILDREN,Friday,18:00,100,2.27,279.2,Very High
6,OFFENSE INVOLVING CHILDREN,Thursday,00:00,83,2.26,279.02,Very High
25,PROSTITUTION,Wednesday,22:00,177,2.25,278.71,Very High
25,DECEPTIVE PRACTICE,Friday,09:00,361,2.25,278.62,Very High
24,PROSTITUTION,Thursday,21:00,33,2.63,278.34,Very High
11,OFFENSE INVOLVING CHILDREN,Tuesday,00:00,62,2.28,277.83,Very High
7,DECEPTIVE PRACTICE,Monday,12:00,220,2.25,277.45,Very High
14,OFFENSE INVOLVING CHILDREN,Saturday,00:00,39,2.33,277.42,Very High
22,DECEPTIVE PRACTICE,Monday,09:00,275,2.25,277.2,Very High
22,DECEPTIVE PRACTICE,Tuesday,12:00,275,2.25,277.2,Very High
20,DECEPTIVE PRACTICE,Monday,00:00,184,2.24,277.07,Very High
15,PROSTITUTION,Saturday,22:00,65,2.29,276.15,Very High
7,DECEPTIVE PRACTICE,Monday,00:00,219,2.24,275.74,Very High
16,DECEPTIVE PRACTICE,Thursday,12:00,374,2.24,275.65,Very High
25,DECEPTIVE PRACTICE,Friday,12:00,358,2.23,275.48,Very High
24,DECEPTIVE PRACTICE,Thursday,12:00,248,2.23,275.25,Very High
18,BATTERY,Saturday,03:00,912,2.23,275.23,Very High
2,DECEPTIVE PRACTICE,Wednesday,09:00,302,2.23,275.04,Very High
10,DECEPTIVE PRACTICE,Friday,00:00,169,2.23,274.71,Very High
4,OFFENSE INVOLVING CHILDREN,Tuesday,00:00,99,2.23,274.59,Very High
3,DECEPTIVE PRACTICE,Thursday,09:00,260,2.22,273.33,Very High
3,PROSTITUTION,Tuesday,20:00,36,2.4,272.75,Very High
16,DECEPTIVE PRACTICE,Tuesday,09:00,371,2.22,272.64,Very High
2,PROSTITUTION,Wednesday,21:00,88,2.24,271.23,Very High
24,OFFENSE INVOLVING CHILDREN,Saturday,00:00,37,2.32,271.16,Very High
15,DECEPTIVE PRACTICE,Thursday,00:00,166,2.21,270.95,Very High
12,OFFENSE INVOLVING CHILDREN,Saturday,00:00,42,2.22,270.91,Very High
7,DECEPTIVE PRACTICE,Tuesday,00:00,216,2.21,270.59,Very High
25,DECEPTIVE PRACTICE,Tuesday,09:00,353,2.2,270.23,Very High
18,ROBBERY,Sunday,03:00,198,2.2,269.64,Very High
5,DECEPTIVE PRACTICE,Wednesday,00:00,196,2.2,269.31,Very High
3,DECEPTIVE PRACTICE,Monday,12:00,257,2.2,269.03,Very High
20,DECEPTIVE PRACTICE,Friday,12:00,180,2.2,268.87,Very High
12,PROSTITUTION,Wednesday,22:00,89,2.21,268.35,Very High
14,OFFENSE INVOLVING CHILDREN,Thursday,00:00,38,2.27,267.74,Very High
24,DECEPTIVE PRACTICE,Tuesday,12:00,243,2.19,267.68,Very High
22,DECEPTIVE PRACTICE,Wednesday,12:00,268,2.19,267.6,Very High
5,DECEPTIVE PRACTICE,Friday,00:00,195,2.19,267.43,Very High
22,OFFENSE INVOLVING CHILDREN,Monday,00:00,57,2.2,267.1,Very High
8,DECEPTIVE PRACTICE,Monday,09:00,470,2.18,266.97,Very High
20,DECEPTIVE PRACTICE,Friday,00:00,179,2.18,266.82,Very High
5,OFFENSE INVOLVING CHILDREN,Thursday,00:00,69,2.2,266.62,Very High
22,DECEPTIVE PRACTICE,Wednesday,00:00,267,2.18,266.23,Very High
19,OFFENSE INVOLVING CHILDREN,Sunday,00:00,27,2.44,265.85,Very High
6,DECEPTIVE PRACTICE,Thursday,00:00,376,2.18,265.81,Very High
6,PROSTITUTION,Wednesday,23:00,41,2.41,265.73,Very High
4,DECEPTIVE PRACTICE,Friday,12:00,308,2.18,265.45,Very High
4,DECEPTIVE PRACTICE,Wednesday,00:00,308,2.18,265.45,Very High
7,PROSTITUTION,Wednesday,23:00,99,2.21,265.11,Very High
17,DECEPTIVE PRACTICE,Tuesday,12:00,214,2.17,265.03,Very High
6,DECEPTIVE PRACTICE,Friday,00:00,375,2.17,264.84,Very High
8,DECEPTIVE PRACTICE,Thursday,12:00,466,2.17,263.84,Very High
5,DECEPTIVE PRACTICE,Thursday,00:00,193,2.16,263.66,Very High
3,DECEPTIVE PRACTICE,Friday,12:00,253,2.16,263.28,Very High
16,OFFENSE INVOLVING CHILDREN,Thursday,00:00,40,2.31,263.22,Very High
24,DECEPTIVE PRACTICE,Wednesday,12:00,240,2.16,263.15,Very High
8,DECEPTIVE PRACTICE,Tuesday,12:00,464,2.16,262.28,Very High
5,DECEPTIVE PRACTICE,Monday,09:00,192,2.15,261.78,Very High
10,DECEPTIVE PRACTICE,Thursday,09:00,163,2.15,261.41,Very High
9,PROSTITUTION,Tuesday,08:00,118,2.27,260.88,Very High
9,PROSTITUTION,Thursday,08:00,118,2.27,260.88,Very High
18,PROSTITUTION,Saturday,03:00,108,2.19,260.8,Very High
25,DECEPTIVE PRACTICE,Monday,12:00,344,2.15,260.79,Very High
8,OFFENSE INVOLVING CHILDREN,Wednesday,00:00,95,2.16,260.24,Very High
18,BATTERY,Sunday,04:00,874,2.14,259.59,Very High
20,DECEPTIVE PRACTICE,Tuesday,12:00,175,2.13,258.62,Very High
4,DECEPTIVE PRACTICE,Thursday,09:00,302,2.13,258.33,Very High
2,DECEPTIVE PRACTICE,Friday,09:00,288,2.13,257.66,Very High
25,DECEPTIVE PRACTICE,Wednesday,09:00,341,2.13,257.65,Very High
25,PROSTITUTION,Friday,20:00,167,2.13,257.31,Very High
11,PROSTITUTION,Thursday,21:00,233,2.13,257.09,Very High
10,DECEPTIVE PRACTICE,Thursday,12:00,161,2.12,256.98,Very High
6,PROSTITUTION,Tuesday,23:00,40,2.35,256.81,Very High
20,DECEPTIVE PRACTICE,Tuesday,00:00,174,2.12,256.57,Very High
4,PROSTITUTION,Friday,20:00,39,2.38,256.27,Very High
5,DECEPTIVE PRACTICE,Tuesday,12:00,189,2.12,256.12,Very High
3,DECEPTIVE PRACTICE,Tuesday,12:00,248,2.12,256.1,Very High
8,DECEPTIVE PRACTICE,Friday,12:00,456,2.12,256.03,Very High
4,DECEPTIVE PRACTICE,Wednesday,09:00,300,2.12,255.96,Very High
24,PROSTITUTION,Friday,22:00,31,2.47,255.41,Very High
24,PROSTITUTION,Monday,23:00,31,2.47,255.41,Very High
3,OFFENSE INVOLVING CHILDREN,Thursday,00:00,71,2.12,254.58,Very High
10,PROSTITUTION,Thursday,22:00,56,2.23,254.46,Very High
5,DECEPTIVE PRACTICE,Tuesday,00:00,188,2.11,254.24,Very High
16,OFFENSE INVOLVING CHILDREN,Friday,00:00,39,2.26,254.14,Very High
4,DECEPTIVE PRACTICE,Tuesday,00:00,298,2.1,253.58,Very High
1,DECEPTIVE PRACTICE,Tuesday,12:00,619,2.1,253.32,Very High
6,DECEPTIVE PRACTICE,Tuesday,09:00,363,2.1,253.16,Very High
15,DECEPTIVE PRACTICE,Tuesday,00:00,158,2.1,253.07,Very High
14,PROSTITUTION,Wednesday,23:00,91,2.11,252.93,Very High
10,DECEPTIVE PRACTICE,Tuesday,12:00,159,2.1,252.54,Very High
12,DECEPTIVE PRACTICE,Wednesday,00:00,326,2.1,251.98,Very High
4,OFFENSE INVOLVING CHILDREN,Sunday,00:00,93,2.09,251.89,Very High
6,OFFENSE INVOLVING CHILDREN,Friday,00:00,77,2.09,251.62,Very High
24,OFFENSE INVOLVING CHILDREN,Sunday,00:00,35,2.19,251.1,Very High
5,DECEPTIVE PRACTICE,Wednesday,12:00,186,2.09,250.47,Very High
7,OFFENSE INVOLVING CHILDREN,Thursday,00:00,66,2.1,250.24,Very High
4,DECEPTIVE PRACTICE,Wednesday,12:00,295,2.08,250.02,Very High
3,OFFENSE INVOLVING CHILDREN,Sunday,00:00,70,2.09,249.58,Very High
12,PROSTITUTION,Friday,23:00,84,2.08,247.66,Very High
4,PROSTITUTION,Thursday,23:00,38,2.31,247.14,Very High
6,OFFENSE INVOLVING CHILDREN,Monday,00:00,76,2.07,247.05,Very High
7,DECEPTIVE PRACTICE,Wednesday,12:00,202,2.06,246.57,Very High
10,DECEPTIVE PRACTICE,Tuesday,09:00,156,2.06,245.89,Very High
14,PROSTITUTION,Tuesday,22:00,89,2.07,245.17,Very High
3,OFFENSE INVOLVING CHILDREN,Monday,00:00,69,2.06,244.59,Very High
8,DECEPTIVE PRACTICE,Wednesday,12:00,441,2.05,244.32,Very High
24,PROSTITUTION,Thursday,23:00,30,2.39,243.95,Very High
19,PROSTITUTION,Tuesday,22:00,42,2.12,243.81,Very High
19,PROSTITUTION,Saturday,03:00,42,2.12,243.81,Very High
2,DECEPTIVE PRACTICE,Wednesday,12:00,276,2.04,242.76,Very High
6,OFFENSE INVOLVING CHILDREN,Wednesday,00:00,75,2.04,242.48,Very High
24,DECEPTIVE PRACTICE,Friday,09:00,226,2.04,241.96,Very High
19,ROBBERY,Sunday,02:00,215,2.03,241.66,Very High
5,PROSTITUTION,Tuesday,21:00,57,2.06,241.34,Very High
5,PROSTITUTION,Wednesday,23:00,57,2.06,241.34,Very High
8,PROSTITUTION,Wednesday,21:00,98,2.03,241.29,Very High
17,DECEPTIVE PRACTICE,Monday,09:00,200,2.03,241.15,Very High
20,NARCOTICS,Friday,20:00,167,2.03,240.98,Very High
25,DECEPTIVE PRACTICE,Thursday,12:00,325,2.03,240.87,Very High
24,DECEPTIVE PRACTICE,Monday,09:00,225,2.03,240.45,Very High
25,OFFENSE INVOLVING CHILDREN,Friday,18:00,77,2.04,240.37,Very High
22,PUBLIC PEACE VIOLATION,Wednesday,14:00,33,2.06,240.31,Very High
22,PUBLIC PEACE VIOLATION,Thursday,15:00,33,2.06,240.31,Very High
1,DECEPTIVE PRACTICE,Wednesday,12:00,596,2.02,240.19,Very High
20,DECEPTIVE PRACTICE,Wednesday,00:00,166,2.02,240.18,Very High
5,OFFENSE INVOLVING CHILDREN,Wednesday,00:00,64,2.04,240.06,Very High
25,DECEPTIVE PRACTICE,Tuesday,12:00,324,2.02,239.82,Very High
7,DECEPTIVE PRACTICE,Wednesday,09:00,198,2.02,239.71,Very High
9,PROSTITUTION,Friday,07:00,111,2.14,239.47,Very High
7,PROSTITUTION,Tuesday,23:00,92,2.06,239.29,Very High
5,DECEPTIVE PRACTICE,Wednesday,09:00,180,2.02,239.17,Very High
6,PROSTITUTION,Wednesday,20:00,38,2.23,238.97,Very High
6,PROSTITUTION,Thursday,21:00,38,2.23,238.97,Very High
6,PROSTITUTION,Friday,21:00,38,2.23,238.97,Very High
6,PROSTITUTION,Wednesday,22:00,38,2.23,238.97,Very High
14,OFFENSE INVOLVING CHILDREN,Sunday,00:00,35,2.09,238.71,Very High
1,DECEPTIVE PRACTICE,Monday,12:00,592,2.01,237.91,Very High
2,DECEPTIVE PRACTICE,Friday,00:00,272,2.01,237.79,Very High
17,DECEPTIVE PRACTICE,Monday,00:00,198,2.01,237.74,Very High
17,DECEPTIVE PRACTICE,Friday,12:00,198,2.01,237.74,Very High
8,OFFENSE INVOLVING CHILDREN,Friday,17:00,89,2.02,237.49,Very High
2,PROSTITUTION,Wednesday,22:00,80,2.03,237.48,Very High
3,DECEPTIVE PRACTICE,Tuesday,09:00,235,2.01,237.44,Very High
18,PROSTITUTION,Saturday,01:00,101,2.04,237.42,Very High
8,DECEPTIVE PRACTICE,Tuesday,09:00,432,2.01,237.3,Very High
5,DECEPTIVE PRACTICE,Thursday,12:00,179,2.01,237.28,Very High
4,DECEPTIVE PRACTICE,Thursday,00:00,284,2.01,236.97,Very High
20,DECEPTIVE PRACTICE,Thursday,00:00,164,2.0,236.08,Very High
17,DECEPTIVE PRACTICE,Friday,09:00,197,2.0,236.03,Very High
3,DECEPTIVE PRACTICE,Friday,00:00,234,2.0,236.0,Very High
25,PROSTITUTION,Friday,21:00,157,2.0,235.91,Very High
12,DECEPTIVE PRACTICE,Monday,09:00,311,2.0,235.78,Very High
15,PROSTITUTION,Saturday,00:00,58,2.05,235.64,Very High
11,PROSTITUTION,Friday,20:00,219,2.0,235.63,Very High
2,DECEPTIVE PRACTICE,Wednesday,00:00,270,2.0,235.3,Very High
9,DECEPTIVE PRACTICE,Tuesday,12:00,247,1.99,235.0,Very High
10,DECEPTIVE PRACTICE,Monday,09:00,151,1.99,234.8,Very High
5,OFFENSE INVOLVING CHILDREN,Friday,00:00,63,2.0,234.74,Very High
25,DECEPTIVE PRACTICE,Wednesday,12:00,319,1.99,234.57,Very High
17,DECEPTIVE PRACTICE,Tuesday,09:00,196,1.99,234.33,Very High
22,DECEPTIVE PRACTICE,Friday,09:00,243,1.98,233.31,Very High
3,DECEPTIVE PRACTICE,Wednesday,12:00,232,1.98,233.13,Very High
15,DECEPTIVE PRACTICE,Wednesday,00:00,149,1.98,232.96,Very High
19,DECEPTIVE PRACTICE,Wednesday,12:00,512,1.98,232.8,Very High
8,DECEPTIVE PRACTICE,Tuesday,00:00,426,1.98,232.61,Very High
10,DECEPTIVE PRACTICE,Monday,00:00,150,1.98,232.59,Very High
10,DECEPTIVE PRACTICE,Wednesday,12:00,150,1.98,232.59,Very High
14,DECEPTIVE PRACTICE,Monday,00:00,235,1.97,231.57,Very High
7,DECEPTIVE PRACTICE,Thursday,00:00,193,1.97,231.13,Very High
4,DECEPTIVE PRACTICE,Friday,00:00,279,1.97,231.04,Very High
9,DECEPTIVE PRACTICE,Monday,00:00,244,1.97,230.93,Very High
9,DECEPTIVE PRACTICE,Monday,12:00,244,1.97,230.93,Very High
17,DECEPTIVE PRACTICE,Thursday,09:00,194,1.97,230.92,Very High
8,PROSTITUTION,Wednesday,20:00,95,1.97,230.85,Very High
25,DECEPTIVE PRACTICE,Monday,00:00,315,1.97,230.38,Very High
10,DECEPTIVE PRACTICE,Friday,12:00,149,1.97,230.37,Very High
10,DECEPTIVE PRACTICE,Monday,12:00,149,1.97,230.37,Very High
3,DECEPTIVE PRACTICE,Tuesday,00:00,230,1.97,230.26,Very High
22,PUBLIC PEACE VIOLATION,Friday,13:00,32,2.0,230.0,Very High
20,DECEPTIVE PRACTICE,Wednesday,12:00,161,1.96,229.93,Very High
20,DECEPTIVE PRACTICE,Monday,09:00,161,1.96,229.93,Very High
15,PROSTITUTION,Tuesday,21:00,57,2.01,229.85,Very High
9,DECEPTIVE PRACTICE,Monday,09:00,243,1.96,229.57,Very High
25,PROSTITUTION,Thursday,06:00,154,1.96,229.5,Very High
16,DECEPTIVE PRACTICE,Monday,09:00,328,1.96,229.45,Very High
5,OFFENSE INVOLVING CHILDREN,Sunday,00:00,62,1.97,229.43,Very High
22,DECEPTIVE PRACTICE,Thursday,00:00,240,1.96,229.2,Very High
10,PROSTITUTION,Tuesday,06:00,52,2.07,229.14,Very High
10,PROSTITUTION,Tuesday,23:00,52,2.07,229.14,Very High
11,DECEPTIVE PRACTICE,Tuesday,09:00,228,1.96,229.13,Very High
2,DECEPTIVE PRACTICE,Tuesday,09:00,265,1.96,229.1,Very High
11,OFFENSE INVOLVING CHILDREN,Thursday,00:00,54,1.98,229.07,Very High
7,OFFENSE INVOLVING CHILDREN,Wednesday,00:00,62,1.97,229.01,Very High
7,OFFENSE INVOLVING CHILDREN,Friday,00:00,62,1.97,229.01,Very High
22,OFFENSE INVOLVING CHILDREN,Friday,00:00,51,1.97,228.46,Very High
16,DECEPTIVE PRACTICE,Wednesday,09:00,327,1.96,228.45,Very High
7,PROSTITUTION,Tuesday,19:00,89,1.99,228.23,Very High
7,PROSTITUTION,Friday,22:00,89,1.99,228.23,Very High
22,DECEPTIVE PRACTICE,Wednesday,09:00,239,1.95,227.82,Very High
19,PROSTITUTION,Thursday,22:00,40,2.02,227.44,Very High
18,PROSTITUTION,Friday,05:00,98,1.98,227.39,Very High
18,PROSTITUTION,Saturday,02:00,98,1.98,227.39,Very High
8,PROSTITUTION,Thursday,20:00,94,1.95,227.36,Very High
9,PROSTITUTION,Monday,20:00,107,2.06,227.24,Very High
16,OFFENSE INVOLVING CHILDREN,Tuesday,00:00,36,2.08,226.89,Very High
6,DECEPTIVE PRACTICE,Monday,12:00,336,1.95,226.89,Very High
9,DECEPTIVE PRACTICE,Friday,12:00,241,1.95,226.86,Very High
9,DECEPTIVE PRACTICE,Wednesday,12:00,241,1.95,226.86,Very High
18,ROBBERY,Sunday,02:00,175,1.94,226.7,Very High
15,DECEPTIVE PRACTICE,Friday,12:00,146,1.94,226.26,Very High
15,DECEPTIVE PRACTICE,Friday,00:00,146,1.94,226.26,Very High
15,DECEPTIVE PRACTICE,Tuesday,12:00,146,1.94,226.26,Very High
12,DECEPTIVE PRACTICE,Friday,09:00,302,1.94,226.07,Very High
12,DECEPTIVE PRACTICE,Friday,00:00,302,1.94,226.07,Very High
6,DECEPTIVE PRACTICE,Wednesday,12:00,335,1.94,225.92,Very High
16,DECEPTIVE PRACTICE,Monday,00:00,324,1.94,225.43,Very High
19,BATTERY,Sunday,02:00,821,1.94,225.25,Very High
25,PROSTITUTION,Thursday,22:00,152,1.94,225.22,Very High
22,DECEPTIVE PRACTICE,Tuesday,09:00,237,1.94,225.08,Very High
6,DECEPTIVE PRACTICE,Monday,09:00,334,1.93,224.95,Very High
11,DECEPTIVE PRACTICE,Wednesday,09:00,225,1.93,224.8,Very High
7,DECEPTIVE PRACTICE,Wednesday,00:00,189,1.93,224.26,Very High
6,OFFENSE INVOLVING CHILDREN,Friday,18:00,71,1.93,224.22,Very High
6,OFFENSE INVOLVING CHILDREN,Sunday,00:00,71,1.93,224.22,Very High
17,DECEPTIVE PRACTICE,Wednesday,12:00,190,1.93,224.09,Very High
15,DECEPTIVE PRACTICE,Monday,00:00,145,1.93,224.02,Very High
8,PROSTITUTION,Thursday,21:00,93,1.93,223.88,Very High
24,DECEPTIVE PRACTICE,Wednesday,00:00,214,1.93,223.8,Very High
1,DECEPTIVE PRACTICE,Friday,12:00,567,1.93,223.64,Very High
11,PROSTITUTION,Friday,23:00,211,1.92,223.37,Very High
6,DECEPTIVE PRACTICE,Wednesday,09:00,332,1.92,223.0,Very High
6,DECEPTIVE PRACTICE,Tuesday,12:00,332,1.92,223.0,Very High
10,PROSTITUTION,Tuesday,07:00,51,2.03,222.81,Very High
7,DECEPTIVE PRACTICE,Thursday,12:00,188,1.92,222.55,Very High
24,DECEPTIVE PRACTICE,Friday,12:00,213,1.92,222.29,Very High
11,PROSTITUTION,Tuesday,22:00,210,1.92,221.84,Very High
16,DECEPTIVE PRACTICE,Thursday,09:00,320,1.91,221.42,Very High
19,ROBBERY,Sunday,03:00,202,1.91,221.0,Very High
25,DECEPTIVE PRACTICE,Thursday,09:00,306,1.91,220.94,Very High
7,DECEPTIVE PRACTICE,Friday,12:00,187,1.91,220.83,Very High
7,DECEPTIVE PRACTICE,Friday,09:00,187,1.91,220.83,Very High
18,PROSTITUTION,Thursday,22:00,96,1.94,220.71,Very High
2,PROSTITUTION,Tuesday,22:00,76,1.93,220.61,Very High
2,DECEPTIVE PRACTICE,Monday,00:00,258,1.91,220.4,Very High
12,PUBLIC PEACE VIOLATION,Friday,22:00,54,1.91,220.34,Very High
1,BURGLARY,Friday,17:00,97,1.9,219.72,Very High
19,BATTERY,Sunday,03:00,807,1.9,219.7,Very High
22,PUBLIC PEACE VIOLATION,Tuesday,13:00,31,1.94,219.69,Very High
22,PUBLIC PEACE VIOLATION,Friday,15:00,31,1.94,219.69,Very High
6,OFFENSE INVOLVING CHILDREN,Saturday,00:00,70,1.9,219.65,Very High
15,DECEPTIVE PRACTICE,Thursday,12:00,143,1.9,219.55,Very High
24,DECEPTIVE PRACTICE,Thursday,00:00,211,1.9,219.27,Very High
19,PROSTITUTION,Saturday,00:00,39,1.97,219.25,Very High
19,PROSTITUTION,Friday,21:00,39,1.97,219.25,Very High
11,DECEPTIVE PRACTICE,Friday,09:00,221,1.9,219.02,Very High
17,DECEPTIVE PRACTICE,Wednesday,00:00,187,1.9,218.98,Very High
10,PUBLIC PEACE VIOLATION,Friday,21:00,77,1.92,218.28,Very High
14,PROSTITUTION,Friday,23:00,82,1.9,218.02,Very High
2,DECEPTIVE PRACTICE,Thursday,00:00,256,1.89,217.92,Very High
19,DECEPTIVE PRACTICE,Monday,00:00,489,1.89,217.85,Very High
